,Restaurant_name,CO2
0,Maindiner,0.0
1,Via Monte Napoleone,0.0
2,Elia,0.0
3,Ristorante Punto e Pasta 1998,0.0
4,AROMA,0.0
5,Waxy's Irish Bar,0.0
6,Le Petit Chef - Frankfurt,0.0
7,Trattoria i Siciliani,0.0
8,Restaurant Medici,0.0
9,Ariston,0.0
10,MAINKAI CAFE,0.0
11,African Queen,0.0
12,Iimori Kaiseki,0.0
13,The Legacy Bar & Grill,0.0
14,Im Herzen Afrikas,0.0
15,Adabina,0.0
16,Iwase,0.0
17,Bidlabu – Bistro und Bar,0.0
18,THE SAKAI,0.0
19,Thai & Turf - Steakhouse,0.0
20,Ebbelwoi Unser,0.0
21,Goc Pho Vietnamese Street Food,0.0
22,Pizzeria 7 Bello,0.0
23,Restaurant Namaste India,0.0
24,Casa Nova Enoteca E Griglia,0.0
25,Pizzeria Sarita,0.0
26,Toh-Thong Thai Cuisine,0.0
27,Kabuki Frankfurt,0.0
28,Restaurant Francais,0.0
29,Romer Pils Brunnen,0.0
30,Kahuna Poke Bros. Frankfurt EAST,0.0
31,Lohninger,0.0
32,Best Worscht in Town,0.0
33,Fichtekraenzi,0.0
34,Restaurant Sorriso,0.0
35,Ramen Jun Frankfurt,0.0
36,Leon - Zum Goldenen Lowen,0.0
37,Immer Satt,0.0
38,Muku,0.0
39,Der Fette Bulle,5.857599999999999
40,Zum Lahmen Esel,0.0
41,Zum Baeren,0.0
42,Flavors Frankfurt Airport,0.0
43,Ristorante Sardegna,0.0
44,Buffalo Steakhaus,0.0
45,Gorenshi,0.0
46,Quattro,0.0
47,Lafleur,0.0
48,Paolo,0.0
49,Zum Storch Am Dom,0.0
50,Atschel,0.0
51,Gioia,1.9552112676056337
52,Salzkammer,0.0
53,Zu den 12 Aposteln,0.0
54,eatDOORI,0.0
55,Joe Pena's,0.0
56,Restaurant Ponte,0.0
57,Ojo de Agua,0.0
58,Prager Botschaft Restaurant,0.0
59,Cron am Hafen,0.0
60,Zum Schwan,0.0
61,Chi Chi Thai,4.872537313432831
62,Kuli Alma,0.0
63,Carte Blanche,0.0
64,Dim Sum House,0.0
65,Sushimoto,0.0
66,SAKURA Sushi Cafe,0.0
67,Villa Lauda,0.0
68,Zeil Kitchen,2.403529411764705
69,SapOres Sàigòn Street Food,0.0
70,Megaron,0.0
71,Kamon Sushi-Bar,11.302500000000006
72,Super Bro's,5.670454545454545
73,Mangetsu,0.0
74,Restaurant im Hilton Garden Inn Hotel,0.0
75,L'Unico,0.0
76,Mania,0.0
77,The Four Corners Irish Pub,0.0
78,Thai Wok,0.0
79,El Pacifico,0.0
80,La Dolce Vita,2.904166666666667
81,Tasquinha Da Jacinta,0.0
82,"da vinc, Cucina&vino",0.0
83,Lohrberg Schanke,0.0
84,Chicago Meatpackers,0.0
85,Gennaro's Restaurant,0.0
86,Casa Rosa,0.0
87,Jasper's,0.0
88,Wirtshaus im Ostend,0.0
89,Pasta e Panini,0.0
90,Amoroso an der Alten Oper,0.0
91,Bootshaus,0.0
92,Frittenwerk,5.901590909090911
93,Ristorante Leon d'Oro,0.0
94,Shahi Curry,0.0
95,Ganesha Tandoori,0.0
96,Bento Boutique,0.0
97,A Casa di Tomilaia,0.0
98,Bombay Lounge,0.0
99,Mosebach,0.0
100,Signatures Veranda Restaurant,0.0
101,Zur Sonne,0.0
102,Alten Limpurg,0.0
103,Sunny Side Up,0.0
104,Bombay Palace,0.0
105,Persia,0.0
106,Restaurant Buchholz,0.0
107,Eschenheimer Turm Cafe,0.0
108,Trattoria Pizzeria 6611,0.0
109,Pistazie,0.0
110,Al Terrazzino,0.0
111,Jesse James,0.0
112,Borsalino,0.0
113,Frankfurter Haus,0.0
114,Kakadu's,0.0
115,Breeze by lebua,0.0
116,Gasthaus Zum Lemp,0.0
117,Onocubes,0.0
118,Das Leben ist schoen...,0.0
119,Gute Stute,0.0
120,Taj Tandoori,0.0
121,"Bangkok, Thai Restaurant",0.0
122,Biancalani Cucina,0.0
123,Bar Shuka Restaurant,0.0
124,Groessenwahn,0.0
125,Langosch am Main,0.0
126,Malepartus,0.0
127,Antru Lam Freres Vietnam Restaurant,0.0
128,Bockenheimer Weinkontor,0.0
129,Black Box Burger,0.0
130,Zur Buchscheer Apfelweinwirtschaft,0.0
131,Ristorante Carmelo Greco,0.0
132,Zum Rad,0.0
133,Mola,0.0
134,China Restaurant Yung,0.0
135,Maingold,0.0
136,Pizza Bar La Margherita,0.0
137,Seven Swans,0.0
138,TNT - Thurn 'n Taxis Palais,0.0
139,Cafe Chokolino,0.0
140,Tiger-Gourmetrestaurant,0.0
141,Tandoori Garden,0.0
142,Shiso Restaurant,0.0
143,Grune Sosse und mehr,0.0
144,Buena Vista,0.0
145,Demera Restaurant und Bar,0.0
146,Miraflores,0.0
147,Restaurant Emma Metzler,0.0
148,Mr. Lee,0.0
149,Taj Mahal,10.489999999999991
150,Pizza Pasta Scialpi,0.0
151,Ginkgo,0.0
152,Exenberger,0.0
153,Weinstube im Roemer,0.0
154,Fennischfuchser,0.0
155,Tacohaus,0.0
156,Svea Frankfurt,0.0
157,Sen,0.0
158,Conrad's Restaurant,0.0
159,Cafe Libretto,0.0
160,Der Thai,0.0
161,Little Italy,0.0
162,Da Bruno,0.0
163,Franziska - Progressive German Vintage Cuisine,0.0
164,coa Wok & Bowls,0.0
165,Koenig Bistro & Bar,0.0
166,36 Grad Cafe Bar Restaurant,0.0
167,Alim's Fischimbiss,0.0
168,Allgaiers Restaurant,0.0
169,Restaurant Levante,0.0
170,Bistro Golf Range Frankfurt,0.0
171,Da Pasquale,0.0
172,L'Ecume Restaurant,0.0
173,Lalibela,0.0
174,Strahmann,0.0
175,Harry's New York Bar,0.0
176,Da Franco,0.0
177,Bockenheimer Stubb,0.0
178,Leuchtendroter,0.0
179,Sushiedo,0.0
180,Nuy's Thai Imbiss Pattaya,0.0
181,Der Portugiese,0.0
182,Central Grill,0.0
183,Tatie Food & Drinks,0.0
184,Indigo Indian Restaurant,0.0
185,Saravini,0.0
186,Depot 1899,0.0
187,A Casa Lamian,0.0
188,Gasthaus zum Loewen Frankfurt,0.0
189,Balthasar Ress Weinbar & Vinothek,0.0
190,African House,0.0
191,Die Leiter,0.0
192,rashcook table,0.0
193,Olbia,0.0
194,Theaterrestaurant Fundus,0.0
195,Indian Chilli,0.0
196,Lella Mozarella 2,0.0
197,Fit Kitchen,3.635454545454544
198,KP 21,0.0
199,Na Sushi & Nudelbar,0.0
200,Diya Restaurant,0.0
201,Du Liban,6.0067999999999975
202,vadder,0.0
203,Ristorante Adria,0.0
204,Madame Mei,0.0
205,Hoppers Cocktailbar,0.0
206,Zum Bitburger,0.0
207,Erich Zeiss,0.0
208,Samurai Sushi,0.0
209,Kleine Anna,0.0
210,Urfa Kebap Haus Frankfurt mit Kohlegrill,0.0
211,Klapper 33,0.0
212,Lufthansa Senator and Business Lounge,0.0
213,Toprak Kebap House,0.0
214,Mommona,0.0
215,Cantina Divino,0.0
216,Cafe Restaurant Schlott,0.0
217,Ristorante Tridico,0.0
218,Pizzeria da Salva,0.0
219,Taverna Alexanders,0.0
220,Ambassel,0.0
221,Destino Tapas Bar,0.0
222,Restaurant Reuter´s,0.0
223,China-Restaurant Wenzhou,0.0
224,Pizza Petro,0.0
225,Jambo Bar,0.0
226,Wirtshaus am Huhnermarkt,0.0
227,Udon,0.0
228,MONZA Caffe & Bar,0.0
229,talbub,0.0
230,BEEF! Grill and Bar,0.0
231,Heidi und Paul,0.0
232,Mian Hausgemachte Nudeln,0.0
233,Homburger Hof,0.0
234,COMAI - viet street kitchen,0.0
235,SUSHIKO,0.0
236,Frankfurt Art Bar,0.0
237,Bornheimer Ratskeller,0.0
238,Nibelungenschanke,0.0
239,FAME,0.0
240,Kemtong,0.0
241,Blaue Adria,0.0
242,Frische Paradies,0.0
243,Trinitii - Bowls & Drinks,0.0
244,Restaurant Atelier,0.0
245,Emir Et,0.0
246,Restaurant Iroha,0.0
247,Restaurant Francis,0.0
248,Questione Di Gusto,0.0
249,Le CroBag,0.0
250,Hankook,0.0
251,San San,0.0
252,Curry & Tandoori House Indian Restaurant,0.0
253,PINO,9.181749999999996
254,Lhamo Bistro,0.0
255,"Eat `n"" Art",0.0
256,Rumi's,0.0
257,Burger AG,0.0
258,Der Loewe,0.0
259,Tonbul Grill Kebab Haus,0.0
260,Vevay Cafe,0.0
261,Frankfurt and Friends,0.0
262,OSCAR's Brasserie Moderne,0.0
263,Pizza & Doner Land,0.0
264,Merkez Donerhaus,0.0
265,Lilli's Bar,0.0
266,Pizzeria Elba,0.0
267,China Garten,0.0
268,Tibet Bistro,0.0
269,Galicia,0.0
270,Pizzeria Cassavia,0.0
271,China Restaurant Yan Jing,0.0
272,Restaurant Tischlein deck dich,0.0
273,Urfa Kebaphaus,0.0
274,India Restaurant Tandoori Taste,0.0
275,Papanova,0.0
276,Ristorante Pizzeria Dino,0.0
277,Pirosmani,0.0
278,Sushi am Main,0.0
279,Papa Napoli,6.714561403508771
280,Nomu Sushi Bar Frankfurt,0.0
281,coa Wok & Bowls Myzeil,0.0
282,Eintracht,0.0
283,Le Petit Royal Frankfurt,0.0
284,Restaurant Zarathustra,0.0
285,Hotel Amadeus,0.0
286,la famiglia,0.0
287,Suvarnabhum Thai Restaurant,0.0
288,Haru Sushi,0.0
289,Hoefchen Chinese Restaurant,0.0
290,Wunderling,0.0
291,Maruyasu Fraukfurt Hauptwache,0.0
292,Urban Kitchen,0.0
293,Longobardi`s,0.0
294,Pitcher's Pub,0.0
295,Picknickbank,0.0
296,Frankfurter Markthalle,0.0
297,Ristorante Azzurro,0.0
298,Bier- und Apfelweinlokal Friedberger Warte,0.0
299,La Contessa,0.0
300,Strandcafe,0.0
301,Maaschanz,0.0
302,Pizzeria Terranova,0.0
303,Ristorante Paparazzi 2,0.0
304,"Zur Krone ""Riwweler""",0.0
305,Restaurant Embassy,0.0
306,Your Burger,0.0
307,Aureus,0.0
308,Bayram Kebap House,0.0
309,New Brick,0.0
310,Jannis,0.0
311,BLOCK HOUSE Borsenplatz,0.0
312,Sushi Stars,0.0
313,Mika,0.0
314,Burbank Restaurant,0.0
315,Koryano,0.0
316,Die Focacceria,0.0
317,Trando,0.0
318,Thai Fun,0.0
319,Ichiban Taiwan Restaurant,0.0
320,Westbar,0.0
321,shisan,0.0
322,The noodlemaker,12.438695652173914
323,La Tabla Rasa Bar y Restaurante,0.0
324,Kneipchen,0.0
325,Bagan Sushi,0.0
326,Henninger am Turm - The Frankfurt Brauhaus,0.0
327,Bologna,0.0
328,Der Buchwald,0.0
329,L'atelier des tartes,0.0
330,Lucille,0.0
331,Il Tavolino,0.0
332,Alte Zollwache,0.0
333,Ha Long Restaurant,0.0
334,Falafel & mehr,0.0
335,Koylu-Doner,0.0
336,Badias Schirn Cafe Restaurant,0.0
337,Tibet Ama Kitchen,0.0
338,Aber,0.0
339,Alma Frankfurt,0.0
340,Haxen Reichert,0.0
341,Miller & Carter Frankfurt,0.0
342,Style of India,0.0
343,Indian Curry House,0.0
344,Yumas,0.0
345,Cafe im Frankfurter Kunstverein,0.0
346,Zum Adler,0.0
347,Bornheimer-Dorfstadl,0.0
348,Main Wurschtl,0.0
349,KISU Sushi Bar & Vietnamesisches Restaurant,0.0
350,Arkadius,0.0
351,Coffee Alley 29,0.0
352,Metropol am Dom,0.0
353,Hausener Dorfkrug,0.0
354,Habibi Sandwiches,0.0
355,Anar Kali,0.0
356,Gastronomie da Claudio,0.0
357,Mola City,0.0
358,Good Times For Good People,0.0
359,Zur Reifenburg,0.0
360,Picknick Cafe,0.0
361,Ma Pasta,13.871621621621616
362,Brueckenkeller,0.0
363,Umi Sushi,0.0
364,La Cevi - Ceviche,0.0
365,Brauns Fisch Restaurant,0.0
366,Blumen - Restaurant in der Bar,0.0
367,WeissGold,0.0
368,Brasserie Ici,0.0
369,Ran Tan's Thai,0.0
370,Ramen Jun Red,0.0
371,Konfuzius sagt ...,0.0
372,Mancini - Eat Smart,0.0
373,Wursthelden,0.0
374,Trattoria Amici,0.0
375,Senckenberg Bistro,0.0
376,Wir-Komplizen,0.0
377,Soul Food factory,0.0
378,Sushi Lover,0.0
379,Pizzeria Peppino,0.0
380,Tempaccio Ristorante,0.0
381,Ristorante Pizzaria Casa Mia Da Claudio,0.0
382,Momberger,0.0
383,Phoenix Tea,0.0
384,Pi-Nong - Authentische Thai-Kuche,0.0
385,Balkan Grill,0.0
386,GaststAtte Niddapark,0.0
387,Gambrinus am Eck,0.0
388,Bistro Okame,0.0
389,Taste of India,0.0
390,Restaurant O/C Operncafe,0.0
391,Amici,0.0
392,Bier-Hannes,0.0
393,Kastanie,0.0
394,Orfeos Erben,0.0
395,Fleming's Restaurant,0.0
396,Coco,0.0
397,Struwwelpeter,5.108000000000001
398,Da Vincenzo Cucina italiana e Pizza Napoletana,0.0
399,Takumi Frankfurt,0.0
400,Freitagskueche,0.0
401,Casa Pintor,0.0
402,Hoechster Kebaphaus,0.0
403,Mezzanotte,0.0
404,Ganesha Restaurant,0.0
405,Il Gambero,0.0
406,French Bento Bar,0.0
407,cetin Grill,0.0
408,Brasserie du Sud,0.0
409,Dunkin',22.388095238095246
410,Zur Golden Kron,0.0
411,Zur Stalburg,0.0
412,SEOULFOOD Korean Food,0.0
413,Delhi Tandoori,6.677115384615383
414,The RAMP Restaurant,0.0
415,Die Kuh die lacht,0.912142857142857
416,Zum Kuhstall,0.0
417,Maison de BaN,0.0
418,China Leckerbissen,0.0
419,Ristorante Pizzeria BELLA MIA,0.0
420,Biondo,0.0
421,Cocos Express,0.0
422,Hirschhaus,0.0
423,"Cevabdzinica ""Sarajevo""",0.0
424,Trattoria Culinaria,0.0
425,Try,0.0
426,Qualitatseck,0.0
427,Tequila,0.0
428,Zel Bistro,0.0
429,Restaurant Tandoori Indische Feinkuche,0.0
430,Forno d'Oro II,0.0
431,Arche Nova,0.0
432,J'epoca SAKAbar,0.0
433,Weinstube Nordend,0.0
434,Baguette Jeanette,0.0
435,Restaurant Saigon,0.0
436,Indian Kitchen,0.0
437,Landhaus Alte Scheune,0.0
438,Fletchers Better Burger Bockenhei,0.0
439,Fonda De Santiago,0.0
440,Sanmaru,0.0
441,Herr Franz,0.0
442,Mahlzeit Imbiss,0.0
443,Cafehaus Siesmayer,0.0
444,Rodizio Grill,0.0
445,Mampf,0.0
446,Fischmarkt Mare Azzurro,0.0
447,Piccolo Pizza Bar,0.0
448,Ristorante La Pera Nera,0.0
449,Maxie Eisen,0.0
450,Weber's Restaurant Feldbergblick,0.0
451,Al Poeta Ristoranti,0.0
452,La Trinca,0.0
453,Ristorante Arte,0.0
454,Kiichi Restaurant,0.0
455,Nordsee,12.450175438596505
456,Milly's Eritreisch Athiopisches Restaurant,0.0
457,Krazy Kraken,0.0
458,Hani Restaurant,0.0
459,Watra,0.0
460,La Stalla,0.0
461,Moloko+,0.0
462,Ristorante da Luca,0.0
463,La Paesana,0.0
464,Istanbul Fisch Grill,0.0
465,Orfeo Bistro,0.0
466,Leonhard'S,0.0
467,Weisse Lilie,0.0
468,Applewoi Stubche Grillmayer,0.0
469,Ristorante Pizzeria Da Aldo,0.0
470,Calma Caos,0.0
471,Zur Alten Post,0.0
472,Cono Cimino,0.0
473,Casa Vip da Simonetta.,0.0
474,Sunflower Gartencenter,0.0
475,Phoin,0.0
476,Vietnam Palmen,0.0
477,Pizzeria Cimino Da Rosa,0.0
478,Zur neuen Giesskanne,0.0
479,Mosel-Eck,0.0
480,Restaurant Zur Waldau,0.0
481,Frankfurt Pub,0.0
482,Restaurant Marktstubb,0.0
483,Riz,0.0
484,Cafe Wunderbar,0.0
485,Wie Zuhause,0.0
486,Innside Frankfurt Eurotheum,0.0
487,VietPho,0.0
488,Zum Standesamtchen,0.0
489,vif Westend,0.0
490,Erta Ale,0.0
491,Ristorante & Pizzeria Imola,0.0
492,Sicilia,0.0
493,Luna Bar,0.0
494,Shinjuku,0.0
495,Fletcher's Better Burger,0.0
496,Cafe Kleinmarkthalle,0.0
497,Melis,0.0
498,The ASH - Frankfurt,0.0
499,Curry Club,2.154705882352941
500,Aunty Zhong's Noodle Bar&More,0.0
501,LAXMI Tandoori & Curry Restaurant,0.0
502,Pizzeria Italia 90,0.0
503,Restaurant Koriander,0.0
504,Steakhouse Fleischeslust,0.0
505,Gleis 25,0.0
506,Binding-Schirn,0.0
507,Kim´s Pho,11.127611940298516
508,Central Park Corner,0.0
509,Meier Gustl,0.0
510,Amir Libanesische Spezialitaten,0.0
511,Bistro Hong Kong,0.0
512,Ouzeri Meraki,0.0
513,Papa Enj,3.757
514,Graf 19,0.0
515,Pho Ha Noi,0.0
516,Zur blauen Adria,0.0
517,Der Fette Bulle Oeder Weg,0.0
518,Poke You,0.0
519,Restaurant La Favola,0.0
520,Thai Express,0.0
521,SHAH Persisches & Vegetarisches Restaurant,0.0
522,Gregorelli's,0.0
523,The Nine Thai Kitchen,0.0
524,Himalaya Laternchen,0.0
525,Fletchers Better Burger,0.0
526,Henscheid,0.0
527,Logenhaus Frankfurt,0.0
528,Il Doge,0.0
529,Dejavu Restaurantbetriebsgesellschaft Mbh,0.0
530,Holzofenpizza Engel,0.0
531,Haus Wertheym,0.0
532,ALEX Frankfurt THE SQUAIRE,0.0
533,Bkk Thai Street Food,0.0
534,Rise,0.0
535,Gang & Gaebe,0.0
536,Kenkey House,0.0
537,Aymo,0.0
538,Kiwis,13.426875000000004
539,Restaurant Lilium,0.0
540,Cha Dào - China Tea & Art,0.0
541,Eppstein,0.0
542,Pinienhof,0.0
543,saVory - the vegtory,0.0
544,Tapas Locas,0.0
545,Pizzeria Buongiorno,0.0
546,Neue Welt,0.0
547,Daheim in der Affentor SchAnke,0.0
548,Das Nudel Ding,0.0
549,Sullivan Bar,0.0
550,Alte Liebe,0.0
551,Sushi Circle,0.0
552,Rendezvous Persische Grill Spezialitaten,0.0
553,Solberfass'jE Haxenhaus,0.0
554,Brasserie M,0.0
555,Alegria im Lindner Congrss Hotel,0.0
556,Bombay Curry House,0.0
557,La Cantine Cafe & Bistro,0.0
558,Funky Burger,0.0
559,SOmmerring Weinbar,0.0
560,Mokka Teeria,0.0
561,Thai Snack Frischer Wok,0.0
562,Paris' Bar,0.0
563,Connection 5,0.0
564,Natural Floor,0.0
565,Taxim DOner Kebap Haus,0.0
566,Jaffa Market,0.0
567,Fine Dining Metropolitan,0.0
568,El Jamonero,0.0
569,yours sports bar,0.0
570,Maifresh Asia Bistro,0.0
571,Frau Schmidt,0.0
572,Volkswirtschaft,0.0
573,Gaststatte Anglerheim,0.0
574,Trattoria - Pizzeria im Sportgarten,0.0
575,Chaang Thai,0.0
576,Taverna Omikron,0.0
577,Kupfer.,0.0
578,Amtep Sofrasi,0.0
579,La Terrazza Ristorante,0.0
580,Bei Susanne,0.0
581,Viet Pho,0.0
582,Mystery of Pizza,0.0
583,Cafe Casablanca,0.0
584,Sophias Cafe • Tagesbar • Kuche,0.0
585,Da Stefano,0.0
586,Gangnam Kitchen,0.0
587,Hotel Ibis,0.0
588,Mlinar - Frankfurt,0.0
589,U Bowl,2.5894117647058827
590,Runway Sandwiches,0.0
591,Mywok-Thai,0.0
592,Herzfutter Deli,0.0
593,Odyssee,0.0
594,Imbiss Ralf Ickes,0.0
595,Brezel Ditsch,0.0
596,Plants & Cakes EAST,0.0
597,Chez Vivi,0.0
598,Pizzeria Diablo,0.0
599,Wein Duo,0.0
600,Francos Austernbar Mare Blu,0.0
601,Pizza Massala,0.0
602,Take Thai,0.0
603,Normalkneipe,0.0
604,Lemlem Habesha Market,0.0
605,Bistro Ethiopia,0.0
606,Pizzeria Amalfi,0.0
607,Brasserie & Wine Bar,0.0
608,China Paradies,0.0
609,Gangnam,0.0
610,Sindam Bistro & Cafe,0.0
611,Bistro Cosi,0.0
612,Pizzeria Carlo,0.0
613,"Caffe Martella, Frankfurt",0.0
614,Am Bruennchen,0.0
615,Metzgerei Waibel,0.0
616,Ebert’s,0.0
617,die Fleckenbuhler Bistro&cafe,0.0
618,Loris Restaurant & Cafe,0.0
619,Maximilians,0.0
620,Snack Time,0.0
621,Yaldi,0.0
622,Quicker's,0.0
623,Bistro Carioca,0.0
624,Kochhaus Bockenheim,0.0
625,Pizzeria Palermo,0.0
626,Koh Samui Kitchen,0.0
627,Chipotle Mexican Grill,0.0
628,Greco,0.0
629,Meat in the City,0.0
630,An Frankfurt - Authentic Vietnamese Cuisine,0.0
631,Saftcraft,0.0
632,Ebbelwoi Hehl,0.0
633,Greeklicious,0.0
634,Nekos Cafe Bar,0.0
635,Bao Anh Deluxe,0.0
636,Ciro Il Lattaio Mensa,0.0
637,Pi-Nong Authentische Thai-Kuche - Nordend,0.0
638,Pizzeria Bistro Leonardo,0.0
639,Pizzeria Peppe,0.0
640,Restaurant Menzza,0.0
641,Open Europe Ristorante,0.0
642,Metzgerei Sturmer,0.0
643,Herkert,0.0
644,Fleischerei Gobel,0.0
645,Dr. Glitzner Genussevents,0.0
646,Seoulpocha,0.0
647,Naxos,0.0
648,China Restaurant Kaiser,0.0
649,Da Oliviero,0.0
650,BB Bar,0.0
651,Marina'S,0.0
652,Messina,0.0
653,la cantina,0.0
654,Kao Asian Imbiss,0.0
655,Sushi 2 Go,0.0
656,Pizza Tomate,0.0
657,Frischer Wok,0.0
658,Thai Eck,0.0
659,Bistro Latino,0.0
660,Raum & Wein - Weinhandlung und WeinBar,0.0
661,Coffeosi,0.0
662,Dreikoenigskeller,0.0
663,Odyssee Kult,0.0
664,Mama Mia,0.0
665,Samnium Restaurant & Pizza,0.0
666,Restaurant Toelzer Stube,0.0
667,80 Restaurant & Events,0.0
668,BĒP’s VIET,0.0
669,Jianbing Plus,0.0
670,McCafe,0.0
671,Asia-Snack,0.0
672,Morgenland,0.0
673,Bunca 2.0,0.0
674,Limones,0.0
675,Lahore Kebab House,0.0
676,Essenza - Vino E Gastronomia,0.0
677,Pizzeria Vesuvio,0.0
678,Ristorante Romanella,0.0
679,Onkel Emmo,0.0
680,Gino's Cafe,0.0
681,I due Amici,0.0
682,Cabana,0.0
683,Oppenheimer Sushibar,0.0
684,La Terrazza,0.0
685,Nero Nero,0.0
686,Gmeiner,0.0
687,Grill-Haus,0.0
688,Restaurant Kang-Nam,0.0
689,Eritrean Restaurant Meazas Places,0.0
690,Zur Staustufe,0.0
691,Dicke Butz,5.108510638297872
692,Sandwicher,0.0
693,City Beach,0.0
694,Ludwigs,0.0
695,Maria & Giovanni,0.0
696,PARK restaurant & terrace,0.0
697,Domino's Pizza,0.0
698,Die fromagerie,0.0
699,Starbucks,0.0
700,Isoletta Promis,0.0
701,Maraldo,0.0
702,Haus Goldstein,0.0
703,Zoom Restaurant - Glocal Dining,0.0
704,Kaya Doener & Pizza,0.0
705,Vecchio Forno,0.0
706,CityAlm / Citybeach,0.0
707,Gaststatte Weida im Blauen Bock,0.0
708,Dean And David,0.0
709,Mi Coba,0.0
710,Il Quadrifoglio,0.0
711,Club Michel,0.0
712,Da Rosario,0.0
713,Vito,0.0
714,Apfelweinwirtschaft Frank,0.0
715,Sossenheimer Doner & Pizza,0.0
716,Das Herz von Frankfurt,0.0
717,Jade Wok,0.0
718,Grazie Mille,0.0
719,Wittkoop,0.0
720,Palastbar Restaurant,0.0
721,Saltana Shisha Bar,0.0
722,Goldene Gerste,0.0
723,Little Vietnam,0.0
724,Taverna Alpha,0.0
725,Wiener Feinbackerei,0.0
726,Gua Xian,0.0
727,Konoba,0.0
728,McDonald's,0.0
729,Cafe Leidenschaft,0.0
730,Little Poplar,0.0
731,The Braze,0.0
732,Big Ebbel,0.0
733,Feinkost NOY,0.0
734,Cafe Bistro Levkos Pyrgos,0.0
735,Hot Dog Corner,0.0
736,Pizzeria Pomodoro,0.0
737,Asia Imbiss,0.0
738,Burgerbude,5.672941176470587
739,Molana Frankfurt,0.0
740,Vivace,0.0
741,Kleinmarkethalle,0.0
742,Asia thai food Ostend,0.0
743,Asian Flavors,0.0
744,Gul‘s Donerwelt,0.0
745,Hue,0.0
746,Wangfu Restaurant,0.0
747,Palu Grill Haus,0.0
748,Sushimama,0.0
749,Souper,0.0
750,Petit Mediterrane,0.0
751,Mamma Forno,0.0
752,Cafe Kitzel,0.0
753,GrandSeven,0.0
754,Sushi ffm,0.0
755,Trattoria Pizzeria Garofalo,0.0
756,Villa Bonn,0.0
757,Sissi und Franz,0.0
758,Brenman's Deli,0.0
759,Thai Phan,0.0
760,Hamburger am Turm,0.0
761,Alice Premium Doner,0.0
762,Mainkurbahnhof,0.0
763,Locanda Della Torre,0.0
764,Suppengrun,0.0
765,eccolo_Sandros Kochladen und so,0.0
766,Hessekopp,0.0
767,Limettenblaettchen,0.0
768,Waldhotel Hensel's Felsenkeller,0.0
769,Krapao Thai Bistro,0.0
770,Marinas EssBar,0.0
771,Da Renato,0.0
772,Nordost Grill - True Tasty - Gagaxiang,0.0
773,Monchi's,0.0
774,Cafe' Fahrtor,0.0
775,Imbiss Melilla,0.0
776,Pizzeria Da Bomba,0.0
777,eatDOORI Deli,8.93966666666666
778,Restaurant FUGO,0.0
779,Zum Nussbaum,0.0
780,Ypsilon,0.0
781,Thai Art,0.0
782,Motions,0.0
783,Eis&Cafe aRoma,0.0
784,Feinkost Paradies,0.0
785,Hooters American Sports Bar,0.0
786,Life Style Bar,0.0
787,Restaurant Zum Mirko,0.0
788,Restaurant Sandelmuhle,0.0
789,Recipe Bar & Eventlocation,0.0
790,Mathilda Glaskuchen,0.0
791,The Fifth Bar & Lounge,0.0
792,Alto Bar + Restaurant Neue Oper,0.0
793,Kushiya Ichikawa,0.0
794,Frankfurter Wirtshaus,0.0
795,Chichilas Tex Mex,0.0
796,Casa Italia | Ristorante Pizzeria,0.0
797,Cafe Caramel am Zoo,0.0
798,New Deli,0.0
799,Gaststatte Jahnvolk,0.0
800,Sushi am main,0.0
801,Bullys Burger,0.0
802,Cafe Albatros,0.0
803,Lebkuchen Schmidt,0.0
804,Prik Thai Restaurant,0.0
805,Pizzeria Bella Rosa,0.0
806,Pizzeria Isola Tavolara,0.0
807,Gaststatte Mainlust,0.0
808,Pavarotti And Friends,0.0
809,Yuyumi,0.0
810,Kaliko,0.0
811,Fischhaus Ohrmann,0.0
812,Stadtschanke Bergen,0.0
813,Rangolee,0.0
814,Sushiedo Frankfurt Zeil,0.0
815,L’angolo,0.0
816,Fiesta,0.0
817,Rosso Suite,0.0
818,Brizzis,0.0
819,Zeilsheim Pizza & Doener,0.0
820,Antru Noodle Bar & More - Vietnam Restaurant,0.0
821,Chinaski Tagesbar,0.0
822,Bier Stiefel,0.0
823,Heppy Green - eat fresh,0.0
824,rund & bunt,0.0
825,Philippi Taverna Ouzeri,0.0
826,Pizzeria Da Massimo,0.0
827,Sumela,0.0
828,Himalaya Sherpa,0.0
829,Sandwich and More,0.0
830,Frankfurter Restaurant,0.0
831,Xiang Asiatisches Restaurant,0.0
832,Mint.,0.0
833,Ried Back,0.0
834,El Burrito,0.0
835,Pizzeria la Cravatta,0.0
836,Westend Brunch,0.0
837,Chin-Thai Haus,0.0
838,Fuel Good,0.0
839,Yummi Restaurant and Bar,0.0
840,La Famiglia Frankfurt,0.0
841,China Restaurant Palms Garden,0.0
842,Elaine's Deli,0.0
843,Heidi's,0.0
844,Pizzeria La Brace,0.0
845,Pizzeria Dick & Doof Bergen-Enkheim,0.0
846,Frankfurter Apfelwein Botschaft,0.0
847,Eiscafe Paradiso,0.0
848,Fenstergucker,0.0
849,Aloha Poke im Bahnhofsviertel,0.0
850,Cafe Rotlint,0.0
851,La Gazzella,0.0
852,Rosisten 2,0.0
853,Brasserie Golos,0.0
854,Doy Doy,0.0
855,Silk Thai Cuisine & Bar,0.0
856,Misho,0.0
857,Post-Sportverein Blau-Gelb Frankfurt,0.0
858,Sultan Saray,0.0
859,Mekong-Imbiss,0.0
860,Hasan‘s Baba Doner,0.0
861,Cafe Extrablatt,0.0
862,Baders Fisch Deli,0.0
863,Der Goldene Wok,0.0
864,PAULANER Platzhirsch Wirtshaus am Main,0.0
865,Schneider's Cafe Snackbar - Die GenussSchneiderei,0.0
866,Cafe Frankfurt,0.0
867,GaststAtte Niewo,0.0
868,SAPO REY - FroschkOnig,0.0
869,SIS Ding,0.0
870,Salaedchen,0.0
871,Trattoria e Pizzeria  Santa Lucia alla Torre,0.0
872,Doy Doy Restaurant,0.0
873,Kastanienhof,0.0
874,Pizzeria Biertonne,0.0
875,Vina Licious,0.0
876,Restaurant Zum Stern,0.0
877,Il Vino Restaurant Frankfurt,0.0
878,Gosch Sylt,0.0
879,Gaststatte Hesseneck,0.0
880,Firat - Doner and Pizza House,0.0
881,Wie bei Omi,0.0
882,Pizzeria Rusticale,0.0
883,Geniessertreff,0.0
884,Pizzeria Il Maestro,0.0
885,Bayern Stub'n im Sheraton Congress Hotel Frankfurt,0.0
886,Fechemer Bootshaus,0.0
887,Artotheke,0.0
888,Kutscherklause,0.0
889,Oinotheke,0.0
890,Kupferstecher Frankfurt,0.0
891,Nazar Doner,0.0
892,Kyubang Cafe & Gallery,0.0
893,Petersen Gutes Essen,0.0
894,Classico Restaurant,0.0
895,La Preferida,0.0
896,Leslies American Diner,0.0
897,Weinstube Alte Munze,0.0
898,Bernemer Marktstube,0.0
899,Der Grieche,0.0
900,NaNa,0.0
901,Pizzeria Cimino da Paolo,0.0
902,VITO'S Italian Coffee & Winebar,0.0
903,Pizzeria Sardinien,0.0
904,1337Frankfurt,0.0
905,My Pita,7.287580645161288
906,Bambushaus,0.0
907,Klosterhof,0.0
908,Bidlabu,0.0
909,Paulaner Wirtshaus am Dom,0.0
910,Dim Sum Haus,0.0
911,Sonamu,0.0
912,Holbein's,0.0
913,Schreiber-Heyne,0.0
914,Yan Jing,0.0
915,Kabuki,0.0
916,Toh-Thong,0.0
917,Awake,0.0
918,Moriki,0.0
919,Cafe Karin,0.0
920,Ramen Jun,0.0
921,Destino,0.0
922,Goc Pho,0.0
923,SUNNY SIDE UP,0.0
924,The Fox and Hound,0.0
925,Club Voltaire,0.0
926,Mian Nudelhaus,0.0
927,Die Nudelbar & Hot Pot,0.0
928,Pak Choi,0.0
929,Konamon,0.0
930,Alanya-City,0.0
931,SAKURA Sushi Cafe in Frankfurt,0.0
932,Dumplings King,0.0
933,BLOCK HOUSE BOrsenplatz,0.0
934,Good Guys,0.0
935,Kilimanjaro,0.0
936,The Ivory Club,0.0
937,Sugar Mama,0.0
938,Amoroso,0.0
939,Aroma,0.0
940,Aroydee,0.0
941,AMAN,0.0
942,Berger Streetfood,0.0
943,Deli Coffee Kitchen,0.0
944,Zenzakan,0.0
945,Good Fellas,0.0
946,Zagros,0.0
947,Gokio Bros,0.0
948,Jade Magic Wok,0.0
949,Naïv,0.0
950,Vevay,0.0
951,Glauburg Cafe,0.0
952,Baseler Eck,0.0
953,HOfchen,0.0
954,Meyer's Restaurant,0.0
955,Currywurst Taunus 25,0.0
956,Seoulfood,0.0
957,Marmaris Kebaphaus Frankfurt,0.0
958,La Tabla Rasa,0.0
959,MoschMosch,8.199473684210522
960,Medici,0.0
961,Pho Ngon,0.0
962,BLOCK HOUSE Frankfurt Westend,0.0
963,Apfelwein Wagner,0.0
964,Pizzeria Montana,8.06625
965,Main Tower Restaurant,0.0
966,Matsuri,0.0
967,Little Shanghai,0.0
968,M-Steakhouse,0.0
969,Restaurant Lafleur,0.0
970,Opera,0.0
971,Lorsbacher Thal,0.0
972,Shiso,0.0
973,Selera Malaysian,0.0
974,eat fit daily,0.0
975,Heimat,0.0
976,ROmer Pils Brunnen,0.0
977,IIMORI,0.0
978,El Dorado,0.0
979,ramen muku,0.0
980,Apfelwein DAX,0.0
981,Mutter Ernst,0.0
982,Walon & Rosetti,0.0
983,The Legacy,0.0
984,Mainnizza,0.0
985,Schandis,0.0
986,Dauth-Schneider,5.293191489361702
987,Jamy's Burger,0.0
988,Ranch & Sea,0.0
989,BLOCK HOUSE Frankfurt Europa-Allee,0.0
990,Fratellis Ristorante,0.0
991,Weinstube im ROmer,0.0
992,Veritas,0.0
993,Hamsilos & Schenck´s Seit 1540,0.0
994,Old Tiflis,0.0
995,Zum Gemalten Haus,0.0
996,Ong Tao,6.454047619047611
997,Restaurant Die Leiter,0.0
998,Erbgut,0.0
999,Tonbul,0.0
1000,Alim Fisch Imbiss,0.0
1001,Koogi Korean Bbq,0.0
1002,Weinschirn,0.0
1003,Pizza Italia,0.0
1004,Alt-Oberurseler Brauhaus,0.0
1005,Augenblick Kaffee & Co.,0.0
1006,Hofgarten,0.0
1007,SEVEN SWANS,0.0
1008,Restaurant & Bar Savigny,0.0
1009,FichtekrAnzi,0.0
1010,Oceans,0.0
1011,Carte blanche,0.0
1012,Chairs,0.0
1013,Athos,0.0
1014,Lamex Lounge,0.0
1015,Golden Gobi,0.0
1016,Champions Bar,0.0
1017,Frankfurter Pause,0.0
1018,Gourmetrestaurant Villa Merton,0.0
1019,Thai & Turf,0.0
1020,Zum alten Frankfurter,0.0
1021,Erno's Bistro,0.0
1022,Yaomi,0.0
1023,Restaurant Gustav,0.0
1024,Wayang,0.0
1025,Fame,0.0
1026,Centro Gallego,0.0
1027,Leon Restaurant,0.0
1028,Vetro Vero,0.0
1029,Bonvivant,0.0
1030,Sohar's Koscher- Restaurant,0.0
1031,OSCAR's,0.0
1032,Zum Eichkatzerl,0.0
1033,LILU,0.0
1034,MyFrankfurt,0.0
1035,Marjan,0.0
1036,Aunty Zhongs,0.0
1037,The Sakai,0.0
1038,DELIkat,0.0
1039,Falafel & Mehr,0.0
1040,il vino,0.0
1041,Frankfurter Kuche,0.0
1042,L'Osteria,0.0
1043,Alexis Sorbas,0.0
1044,Dorade,0.0
1045,Zeit fur Brot,0.0
1046,Chidoba Mexican Grill,0.0
1047,Restaurant MOvenpick Frankfurt City,0.0
1048,Cross,0.0
1049,Udon Thai Imbiss,0.0
1050,DaVinc Cucina e Vino,0.0
1051,Ristorante Bacco,6.666
1052,Schwarzer Stern,0.0
1053,CoCo,0.0
1054,Mon Amie Maxi,0.0
1055,Ganesha Restaurant Asian Call Food,0.0
1056,Kennedy's Restaurant,0.0
1057,Azzurro - La Cucina Italiana,0.0
1058,Onkel Lam,0.0
1059,Restaurant Nidda,0.0
